11	tag:electronic
9	tag:rock
8	tag:alternative rock
6	tag:downtempo
5	tag:hip hop
4	tag:ambient
4	tag:post-rock
3	tag:indie
3	tag:isrc
3	tag:new wave
3	tag:pop
2	tag:alternative
2	tag:classic rock
2	tag:classical
2	tag:electro
2	tag:experimental
2	tag:hard rock
2	tag:instrumental
2	tag:interesting booklet
2	tag:opera
2	tag:pop rock
2	tag:reissue
2	tag:trip hop
2	tag:vendu
1	tag:4x4
1	tag:90s
1	tag:added/2017/01/02
1	tag:afrobeat
1	tag:ambient electronic
1	tag:americana
1	tag:animated cover art
1	tag:avant-garde
1	tag:baroque
1	tag:bassline
1	tag:bedroom
1	tag:blues rock
1	tag:bonus track
1	tag:breakbeat
1	tag:breaks
1	tag:bulgaria
1	tag:celtic punk
1	tag:chill out
1	tag:dance
1	tag:deep house
1	tag:down tempo
1	tag:dream pop
1	tag:drum and bass
1	tag:easy listening
1	tag:electronic rock
1	tag:electronica
1	tag:fidget
1	tag:folk
1	tag:folk rock
1	tag:funk
1	tag:funk rock
1	tag:future funk
1	tag:future jazz
1	tag:goth
1	tag:hard techno
1	tag:hi-res
1	tag:house
1	tag:jam band
1	tag:jazz
1	tag:jazz fusion
1	tag:jazz-rock
1	tag:latin
1	tag:lo-fi
1	tag:lounge
1	tag:miami beach
1	tag:michael nyman
1	tag:no isrc
1	tag:nu jazz
1	tag:orchestral
1	tag:pachanga
1	tag:private/0994201a-0030-4a94-9e93-e9a38f7e289a
1	tag:progressive house
1	tag:progressive rock
1	tag:psychedelic rock
1	tag:schranz
1	tag:sketch comedy
1	tag:southern rock
1	tag:synth-pop
1	tag:tech house
1	tag:trip‐hop
1	tag:turntablism
1	tag:u2
1	tag:world & country
